username,rating,comment,variant,timestamp,date,region,source_url,keyword
hantruong156,5,"Chất liệu:bền
Đúng với mô tả:áo giống như trong hình
Màu sắc:đen

Áo ở ngoài đẹp hơn trong hình nhiều mình chọn z. XL mặc vừa in giá vừa hạt dẻ nhưng chất lượng thật sự  🌷🌷🌷🌷🌷🌷","ÁO PHAO BÉO ĐEN,XL (60-75kg)",1763372172,2025-11-17,VN,https://shopee.vn/%C3%81o-phao-nam-n%E1%BB%AF-c%E1%BB%95-cao-si%C3%AAu-nh%E1%BA%B9-si%C3%AAu-%E1%BA%A5m-ki%E1%BB%83u-d%C3%A1ng-%C4%91%E1%BA%B9p-i.78677915.27515639907?extraParams=%7B%22display_model_id%22%3A271500699006%2C%22model_selection_logic%22%3A3%7D&sp_atk=97b671ae-3732-4ffa-8dfc-40c6f53f441e&xptdk=97b671ae-3732-4ffa-8dfc-40c6f53f441e,áo khoác nam
liunguynth950,5,"Chất liệu:Phao
Màu sắc:Đenlp

Áo khoác đẹp,  đường. may tỉ mỉ, vải dày, ấm áp, sẻ. Ủng. Hộ. Shop lần sau,, giao hàng nhiệt tình.",,1734582856,2024-12-19,VN,https://shopee.vn/%C3%81o-phao-nam-n%E1%BB%AF-c%E1%BB%95-cao-si%C3%AAu-nh%E1%BA%B9-si%C3%AAu-%E1%BA%A5m-ki%E1%BB%83u-d%C3%A1ng-%C4%91%E1%BA%B9p-i.78677915.27515639907?extraParams=%7B%22display_model_id%22%3A271500699006%2C%22model_selection_logic%22%3A3%7D&sp_atk=97b671ae-3732-4ffa-8dfc-40c6f53f441e&xptdk=97b671ae-3732-4ffa-8dfc-40c6f53f441e,áo khoác nam
thanhnguynch098,5,"Chất liệu:phao
Màu sắc:đen
Đúng với mô tả:Đúng

Áo đẹp cầm nhẹ tay Đúng như quảng cáo cho sop 5 sao lần sau mình sẽ ủng hộ tiếp hình ảnh mang tính chất nhận xu nha","ÁO PHAO BÉO ĐEN,L (45-60kg)",1759651470,2025-10-05,VN,https://shopee.vn/%C3%81o-phao-nam-n%E1%BB%AF-c%E1%BB%95-cao-si%C3%AAu-nh%E1%BA%B9-si%C3%AAu-%E1%BA%A5m-ki%E1%BB%83u-d%C3%A1ng-%C4%91%E1%BA%B9p-i.78677915.27515639907?extraParams=%7B%22display_model_id%22%3A271500699006%2C%22model_selection_logic%22%3A3%7D&sp_atk=97b671ae-3732-4ffa-8dfc-40c6f53f441e&xptdk=97b671ae-3732-4ffa-8dfc-40c6f53f441e,áo khoác nam
mai_168,5,"Chất liệu dày dặn đường may tỉ mỉ và đặc biệt không có chỉ thừa. Shop giao hàng nhanh tư vấn nhiệt tình, đóng gói cẩn thận. Mọi người nên mua nha.",,1730623584,2024-11-03,VN,https://shopee.vn/%C3%81o-phao-nam-n%E1%BB%AF-c%E1%BB%95-cao-si%C3%AAu-nh%E1%BA%B9-si%C3%AAu-%E1%BA%A5m-ki%E1%BB%83u-d%C3%A1ng-%C4%91%E1%BA%B9p-i.78677915.27515639907?extraParams=%7B%22display_model_id%22%3A271500699006%2C%22model_selection_logic%22%3A3%7D&sp_atk=97b671ae-3732-4ffa-8dfc-40c6f53f441e&xptdk=97b671ae-3732-4ffa-8dfc-40c6f53f441e,áo khoác nam
t*****9,5,"Áo chất lượng tốt, giá cả phù hợp, shop giao nhanh, đóng gói cẩn thận, nhân viên tư vấn nhiệt tình, sẽ quay lại ủng hộ shop",,1730377423,2024-10-31,VN,https://shopee.vn/%C3%81o-phao-nam-n%E1%BB%AF-c%E1%BB%95-cao-si%C3%AAu-nh%E1%BA%B9-si%C3%AAu-%E1%BA%A5m-ki%E1%BB%83u-d%C3%A1ng-%C4%91%E1%BA%B9p-i.78677915.27515639907?extraParams=%7B%22display_model_id%22%3A271500699006%2C%22model_selection_logic%22%3A3%7D&sp_atk=97b671ae-3732-4ffa-8dfc-40c6f53f441e&xptdk=97b671ae-3732-4ffa-8dfc-40c6f53f441e,áo khoác nam
ql2pli40fi,5,"Màu sắc:đen
Chất liệu:phao
Đúng với mô tả:đúng

Shop giao hàng nhanh áo đẹp lần sau sẽ ủng hộ shop tiếp cảm ơn shop nha","ÁO PHAO BÉO ĐEN,XL (60-75kg)",1764253369,2025-11-27,VN,https://shopee.vn/%C3%81o-phao-nam-n%E1%BB%AF-c%E1%BB%95-cao-si%C3%AAu-nh%E1%BA%B9-si%C3%AAu-%E1%BA%A5m-ki%E1%BB%83u-d%C3%A1ng-%C4%91%E1%BA%B9p-i.78677915.27515639907?extraParams=%7B%22display_model_id%22%3A271500699006%2C%22model_selection_logic%22%3A3%7D&sp_atk=97b671ae-3732-4ffa-8dfc-40c6f53f441e&xptdk=97b671ae-3732-4ffa-8dfc-40c6f53f441e,áo khoác nam
lothixam97,5,"Chất liệu:là vải rất dày
Màu sắc:áo đen đúng với mô tả rất đẹp
Kiểu dáng:dáng áo rất rộng mặc rất thoải mái và rất trẻ trung rất đẹp","ÁO PHAO BÉO ĐEN,L (45-60kg)",1768393946,2026-01-14,VN,https://shopee.vn/%C3%81o-phao-nam-n%E1%BB%AF-c%E1%BB%95-cao-si%C3%AAu-nh%E1%BA%B9-si%C3%AAu-%E1%BA%A5m-ki%E1%BB%83u-d%C3%A1ng-%C4%91%E1%BA%B9p-i.78677915.27515639907?extraParams=%7B%22display_model_id%22%3A271500699006%2C%22model_selection_logic%22%3A3%7D&sp_atk=97b671ae-3732-4ffa-8dfc-40c6f53f441e&xptdk=97b671ae-3732-4ffa-8dfc-40c6f53f441e,áo khoác nam
exj01hm2zz,5,"Đúng với mô tả:đúng mô tả
Màu sắc:đúng màu sắc
Chất liệu:đẹp

Hàng giao nhanh đúng mô tả mặc ấm giá rẻ chất liệu tạm ổn","ÁO PHAO BÉO ĐEN,L (45-60kg)",1768056782,2026-01-10,VN,https://shopee.vn/%C3%81o-phao-nam-n%E1%BB%AF-c%E1%BB%95-cao-si%C3%AAu-nh%E1%BA%B9-si%C3%AAu-%E1%BA%A5m-ki%E1%BB%83u-d%C3%A1ng-%C4%91%E1%BA%B9p-i.78677915.27515639907?extraParams=%7B%22display_model_id%22%3A271500699006%2C%22model_selection_logic%22%3A3%7D&sp_atk=97b671ae-3732-4ffa-8dfc-40c6f53f441e&xptdk=97b671ae-3732-4ffa-8dfc-40c6f53f441e,áo khoác nam
l*****9,5,"Lần đầu mua giá rẻ v mà nhận được bất ngờ ghê luôn á mọi người. Vải đẹp không chỉ thừa, form lên siêu chuẩn. Nên mua nha mn",,1730711810,2024-11-04,VN,https://shopee.vn/%C3%81o-phao-nam-n%E1%BB%AF-c%E1%BB%95-cao-si%C3%AAu-nh%E1%BA%B9-si%C3%AAu-%E1%BA%A5m-ki%E1%BB%83u-d%C3%A1ng-%C4%91%E1%BA%B9p-i.78677915.27515639907?extraParams=%7B%22display_model_id%22%3A271500699006%2C%22model_selection_logic%22%3A3%7D&sp_atk=97b671ae-3732-4ffa-8dfc-40c6f53f441e&xptdk=97b671ae-3732-4ffa-8dfc-40c6f53f441e,áo khoác nam
bonemy426s,5,"Đúng với mô tả:đúng  phom rộng
Chất liệu:tốt
Màu sắc:đẹp",,1734351120,2024-12-16,VN,https://shopee.vn/%C3%81o-phao-nam-n%E1%BB%AF-c%E1%BB%95-cao-si%C3%AAu-nh%E1%BA%B9-si%C3%AAu-%E1%BA%A5m-ki%E1%BB%83u-d%C3%A1ng-%C4%91%E1%BA%B9p-i.78677915.27515639907?extraParams=%7B%22display_model_id%22%3A271500699006%2C%22model_selection_logic%22%3A3%7D&sp_atk=97b671ae-3732-4ffa-8dfc-40c6f53f441e&xptdk=97b671ae-3732-4ffa-8dfc-40c6f53f441e,áo khoác nam
vudhaianh,5,"Màu sắc:trắng
Đúng với mô tả:đúng
Chất liệu:kh biết

áo rẻ đẹp nha các bạn nên mua nha. Cũng ấm nữa",,1735275641,2024-12-27,VN,https://shopee.vn/%C3%81o-phao-nam-n%E1%BB%AF-c%E1%BB%95-cao-si%C3%AAu-nh%E1%BA%B9-si%C3%AAu-%E1%BA%A5m-ki%E1%BB%83u-d%C3%A1ng-%C4%91%E1%BA%B9p-i.78677915.27515639907?extraParams=%7B%22display_model_id%22%3A271500699006%2C%22model_selection_logic%22%3A3%7D&sp_atk=97b671ae-3732-4ffa-8dfc-40c6f53f441e&xptdk=97b671ae-3732-4ffa-8dfc-40c6f53f441e,áo khoác nam
lygianhi_98,5,Áo đẹp. Vừa vặn lắm ạ. Mình đặt 2 màu 1 đen 1 trắng mà thấy áo màu đen chất mềm hơn ạ,,1736390034,2025-01-09,VN,https://shopee.vn/%C3%81o-phao-nam-n%E1%BB%AF-c%E1%BB%95-cao-si%C3%AAu-nh%E1%BA%B9-si%C3%AAu-%E1%BA%A5m-ki%E1%BB%83u-d%C3%A1ng-%C4%91%E1%BA%B9p-i.78677915.27515639907?extraParams=%7B%22display_model_id%22%3A271500699006%2C%22model_selection_logic%22%3A3%7D&sp_atk=97b671ae-3732-4ffa-8dfc-40c6f53f441e&xptdk=97b671ae-3732-4ffa-8dfc-40c6f53f441e,áo khoác nam
th.dngtng,5,"Chất liệu:tốt
Màu sắc:đen
Đúng với mô tả:đúng

Sản phẩm ngon nha nên mua , đánh giá nhận 200 xu. Sản phẩm ok nha , tốt , ấm , sướng rỉ","ÁO PHAO BÉO ĐEN,L (45-60kg)",1763012888,2025-11-13,VN,https://shopee.vn/%C3%81o-phao-nam-n%E1%BB%AF-c%E1%BB%95-cao-si%C3%AAu-nh%E1%BA%B9-si%C3%AAu-%E1%BA%A5m-ki%E1%BB%83u-d%C3%A1ng-%C4%91%E1%BA%B9p-i.78677915.27515639907?extraParams=%7B%22display_model_id%22%3A271500699006%2C%22model_selection_logic%22%3A3%7D&sp_atk=97b671ae-3732-4ffa-8dfc-40c6f53f441e&xptdk=97b671ae-3732-4ffa-8dfc-40c6f53f441e,áo khoác nam
cntrn608,5,"Đúng với mô tả:Đúng màu, đúng size
Màu sắc:Đen
Chất liệu:chưa rõ

Nhận được áo của shop gửi rồi , mặc cũng khá ấm, nhưng bên trong không có túi nhìn chung với giá này thì quá hợp lý rồi. Cảm ơn shop nhiều!",,1734252756,2024-12-15,VN,https://shopee.vn/%C3%81o-phao-nam-n%E1%BB%AF-c%E1%BB%95-cao-si%C3%AAu-nh%E1%BA%B9-si%C3%AAu-%E1%BA%A5m-ki%E1%BB%83u-d%C3%A1ng-%C4%91%E1%BA%B9p-i.78677915.27515639907?extraParams=%7B%22display_model_id%22%3A271500699006%2C%22model_selection_logic%22%3A3%7D&sp_atk=97b671ae-3732-4ffa-8dfc-40c6f53f441e&xptdk=97b671ae-3732-4ffa-8dfc-40c6f53f441e,áo khoác nam
lanphngbith253,5,"Chất liệu:áo dày dặt,ko có chỉ thừa
Màu sắc:đen đúng với hình,đẹp
Kiểu dáng:dáng áo rộng dễ phối đồ","ÁO PHAO BÉO ĐEN,L (45-60kg)",1765707617,2025-12-14,VN,https://shopee.vn/%C3%81o-phao-nam-n%E1%BB%AF-c%E1%BB%95-cao-si%C3%AAu-nh%E1%BA%B9-si%C3%AAu-%E1%BA%A5m-ki%E1%BB%83u-d%C3%A1ng-%C4%91%E1%BA%B9p-i.78677915.27515639907?extraParams=%7B%22display_model_id%22%3A271500699006%2C%22model_selection_logic%22%3A3%7D&sp_atk=97b671ae-3732-4ffa-8dfc-40c6f53f441e&xptdk=97b671ae-3732-4ffa-8dfc-40c6f53f441e,áo khoác nam
l*****7,5,"Shop giao hàng nhanh, sản phẩm được đóng gói cẩn thận, chắc chắn nhưng dáng áp hơi nhỏ, chiều dài áo hơi ngắn so với người 1m70",,1735287896,2024-12-27,VN,https://shopee.vn/%C3%81o-phao-nam-n%E1%BB%AF-c%E1%BB%95-cao-si%C3%AAu-nh%E1%BA%B9-si%C3%AAu-%E1%BA%A5m-ki%E1%BB%83u-d%C3%A1ng-%C4%91%E1%BA%B9p-i.78677915.27515639907?extraParams=%7B%22display_model_id%22%3A271500699006%2C%22model_selection_logic%22%3A3%7D&sp_atk=97b671ae-3732-4ffa-8dfc-40c6f53f441e&xptdk=97b671ae-3732-4ffa-8dfc-40c6f53f441e,áo khoác nam
thanhhthuyynt,5,"Chất liệu:ok day dan
Màu sắc:dep dung voi hinh
Kiểu dáng:rong rai

dáng áo đẹp, đúng với ảnh mn nên mua nha, ấm lắm mặc vào cũng đẹp nữa","ÁO PHAO BÉO ĐEN,L (45-60kg)",1768457144,2026-01-15,VN,https://shopee.vn/%C3%81o-phao-nam-n%E1%BB%AF-c%E1%BB%95-cao-si%C3%AAu-nh%E1%BA%B9-si%C3%AAu-%E1%BA%A5m-ki%E1%BB%83u-d%C3%A1ng-%C4%91%E1%BA%B9p-i.78677915.27515639907?extraParams=%7B%22display_model_id%22%3A271500699006%2C%22model_selection_logic%22%3A3%7D&sp_atk=97b671ae-3732-4ffa-8dfc-40c6f53f441e&xptdk=97b671ae-3732-4ffa-8dfc-40c6f53f441e,áo khoác nam
hoalth316,5,"Chất liệu:áo dày dặn
Màu sắc:ok
Kiểu dáng:ok

Nên mua","ÁO PHAO BÉO ĐEN,L (45-60kg)",1766228158,2025-12-20,VN,https://shopee.vn/%C3%81o-phao-nam-n%E1%BB%AF-c%E1%BB%95-cao-si%C3%AAu-nh%E1%BA%B9-si%C3%AAu-%E1%BA%A5m-ki%E1%BB%83u-d%C3%A1ng-%C4%91%E1%BA%B9p-i.78677915.27515639907?extraParams=%7B%22display_model_id%22%3A271500699006%2C%22model_selection_logic%22%3A3%7D&sp_atk=97b671ae-3732-4ffa-8dfc-40c6f53f441e&xptdk=97b671ae-3732-4ffa-8dfc-40c6f53f441e,áo khoác nam
h.o.a.i.n,5,"Áo form rộng, nên chọn lùi size lại thì vừa người hơn ạ. Áo dày dặn nhưng nhẹ không bị nặng tay, chất lượng tốt, giao hàng nhanh","Đen,L 59 - 65 kg",1735296280,2024-12-27,VN,https://shopee.vn/%C3%81o-phao-gile-nam-n%E1%BB%AF-c%C3%B3-t%C3%BAi-s%C6%B0%E1%BB%9Dn-form-r%E1%BB%99ng-ZUTEE-%C3%81o-kho%C3%A1c-phao-c%E1%BB%95-cao-3-l%E1%BB%97-i.415614249.22281699423?extraParams=%7B%22display_model_id%22%3A178484892693%2C%22model_selection_logic%22%3A3%7D&sp_atk=539f055d-f922-4585-b542-7d56742becc6&xptdk=539f055d-f922-4585-b542-7d56742becc6,áo khoác nam
bob591,5,"Đúng với mô tả:dung
Chất liệu:dù

Giá rẻ bất ngờ mà chất lượng hơn mong đợi
Nói chung mua mặc 2,3 lần đi đà lạt gất ok
Đường may tốt lắm nha","Đen,L 59 - 65 kg",1706548935,2024-01-30,VN,https://shopee.vn/%C3%81o-phao-gile-nam-n%E1%BB%AF-c%C3%B3-t%C3%BAi-s%C6%B0%E1%BB%9Dn-form-r%E1%BB%99ng-ZUTEE-%C3%81o-kho%C3%A1c-phao-c%E1%BB%95-cao-3-l%E1%BB%97-i.415614249.22281699423?extraParams=%7B%22display_model_id%22%3A178484892693%2C%22model_selection_logic%22%3A3%7D&sp_atk=539f055d-f922-4585-b542-7d56742becc6&xptdk=539f055d-f922-4585-b542-7d56742becc6,áo khoác nam
phuonghong_02,5,"Màu sắc:đen
Đúng với mô tả:có
Chất liệu:phao

1m70 mặc xl vừa nha ạ áo phao không quá dày nhưng mình thích kiểu này hơn không bị to với dày quá, mng nên mua đúng sz mặc n fit người sẽ đẹp hơn đó ạ","Đen,XL 66-73kg",1700673585,2023-11-23,VN,https://shopee.vn/%C3%81o-phao-gile-nam-n%E1%BB%AF-c%C3%B3-t%C3%BAi-s%C6%B0%E1%BB%9Dn-form-r%E1%BB%99ng-ZUTEE-%C3%81o-kho%C3%A1c-phao-c%E1%BB%95-cao-3-l%E1%BB%97-i.415614249.22281699423?extraParams=%7B%22display_model_id%22%3A178484892693%2C%22model_selection_logic%22%3A3%7D&sp_atk=539f055d-f922-4585-b542-7d56742becc6&xptdk=539f055d-f922-4585-b542-7d56742becc6,áo khoác nam
nhung_1362013,5,"Màu sắc:kem đen nâu
Đúng với mô tả:áo dày dặn đường may đẹp
Chất liệu:không bt

Shop nhiệt tình 
Áo đẹp chất liệu tốt 
Đáng mua nha 💯","Đen,XL 66-73kg",1736132148,2025-01-06,VN,https://shopee.vn/%C3%81o-phao-gile-nam-n%E1%BB%AF-c%C3%B3-t%C3%BAi-s%C6%B0%E1%BB%9Dn-form-r%E1%BB%99ng-ZUTEE-%C3%81o-kho%C3%A1c-phao-c%E1%BB%95-cao-3-l%E1%BB%97-i.415614249.22281699423?extraParams=%7B%22display_model_id%22%3A178484892693%2C%22model_selection_logic%22%3A3%7D&sp_atk=539f055d-f922-4585-b542-7d56742becc6&xptdk=539f055d-f922-4585-b542-7d56742becc6,áo khoác nam
t*****4,5,"Màu sắc:đen
Chất liệu:k biết ghi sao cho hợp lý😆
Đúng với mô tả:đúng

Shop giao đúng hàng, đóng gói cẩn thận. Chất áo siu đẹp nha. Mik cao 1m64 65kg mà mặc XL là đẹp, k rộng quá. Chụp ảnh xấu nhưng ở ngoài áo đẹp hơn nhiều ạ. Mn nên mua.","Đen,XL 66-73kg",1736055792,2025-01-05,VN,https://shopee.vn/%C3%81o-phao-gile-nam-n%E1%BB%AF-c%C3%B3-t%C3%BAi-s%C6%B0%E1%BB%9Dn-form-r%E1%BB%99ng-ZUTEE-%C3%81o-kho%C3%A1c-phao-c%E1%BB%95-cao-3-l%E1%BB%97-i.415614249.22281699423?extraParams=%7B%22display_model_id%22%3A178484892693%2C%22model_selection_logic%22%3A3%7D&sp_atk=539f055d-f922-4585-b542-7d56742becc6&xptdk=539f055d-f922-4585-b542-7d56742becc6,áo khoác nam
t*****3,5,"Màu sắc:đen
Chất liệu:dù
Đúng với mô tả:y hình

Áo phao gi-lê nam nữ  hai túi Hiệu ZUTEE  cổ cao. Bên trong có một túi 
Màu đen đậm đẹp 
Trong lót mát ,gòn êm 
Dây kéo to dễ sử dụng 
Size XL  người mặc 76 kg Cao 1,62 m
Thiết kế đơn giản, thoải mái, trẻ trung 
🎁","Đen,XL 66-73kg",1733740295,2024-12-09,VN,https://shopee.vn/%C3%81o-phao-gile-nam-n%E1%BB%AF-c%C3%B3-t%C3%BAi-s%C6%B0%E1%BB%9Dn-form-r%E1%BB%99ng-ZUTEE-%C3%81o-kho%C3%A1c-phao-c%E1%BB%95-cao-3-l%E1%BB%97-i.415614249.22281699423?extraParams=%7B%22display_model_id%22%3A178484892693%2C%22model_selection_logic%22%3A3%7D&sp_atk=539f055d-f922-4585-b542-7d56742becc6&xptdk=539f055d-f922-4585-b542-7d56742becc6,áo khoác nam
ngocbichdo.1992,5,"Chất liệu:vải
Màu sắc:đen
Đúng với mô tả:đúng

Mới nhận về tay thấy áo phù hợp giá tiền, không phải quá đẹp, dạng phổ thông, quăng quật đỡ tiếc, ai dưới 65kg thì lấy L như mình","Đen,L 59 - 65 kg",1737421318,2025-01-21,VN,https://shopee.vn/%C3%81o-phao-gile-nam-n%E1%BB%AF-c%C3%B3-t%C3%BAi-s%C6%B0%E1%BB%9Dn-form-r%E1%BB%99ng-ZUTEE-%C3%81o-kho%C3%A1c-phao-c%E1%BB%95-cao-3-l%E1%BB%97-i.415614249.22281699423?extraParams=%7B%22display_model_id%22%3A178484892693%2C%22model_selection_logic%22%3A3%7D&sp_atk=539f055d-f922-4585-b542-7d56742becc6&xptdk=539f055d-f922-4585-b542-7d56742becc6,áo khoác nam
l*****2,5,"Đúng với mô tả:đúng
Màu sắc:đen
Chất liệu:áo phao

Shop giao hàng nhanh, chất lượng áo phù hợp với giá tiền, áo lên form đẹp, bông ko quá dày, khoá kéo mượt.","Đen,L 59 - 65 kg",1731492882,2024-11-13,VN,https://shopee.vn/%C3%81o-phao-gile-nam-n%E1%BB%AF-c%C3%B3-t%C3%BAi-s%C6%B0%E1%BB%9Dn-form-r%E1%BB%99ng-ZUTEE-%C3%81o-kho%C3%A1c-phao-c%E1%BB%95-cao-3-l%E1%BB%97-i.415614249.22281699423?extraParams=%7B%22display_model_id%22%3A178484892693%2C%22model_selection_logic%22%3A3%7D&sp_atk=539f055d-f922-4585-b542-7d56742becc6&xptdk=539f055d-f922-4585-b542-7d56742becc6,áo khoác nam
duy.diem_93,5,"Màu sắc:den
Chất liệu:phao
Đúng với mô tả:đúng

Áo rất đẹp mặc ok. Mn nên mua nha . Sẽ quay lại mua của shop nữa","Đen,M 45-58 kg",1734801567,2024-12-22,VN,https://shopee.vn/%C3%81o-phao-gile-nam-n%E1%BB%AF-c%C3%B3-t%C3%BAi-s%C6%B0%E1%BB%9Dn-form-r%E1%BB%99ng-ZUTEE-%C3%81o-kho%C3%A1c-phao-c%E1%BB%95-cao-3-l%E1%BB%97-i.415614249.22281699423?extraParams=%7B%22display_model_id%22%3A178484892693%2C%22model_selection_logic%22%3A3%7D&sp_atk=539f055d-f922-4585-b542-7d56742becc6&xptdk=539f055d-f922-4585-b542-7d56742becc6,áo khoác nam
trancamnhiii,5,"xỉu, ngất xỉu trước độ rẻ mà vẫn rất xink và xịn xò =)))))) săn được giá cũng quá là hời i. mà chất phao ok lắm nhaaaa, rất dày dặn lun ákkkkkk. tr ơi mua lẹ ik chứ tết năm nay rét mà ^^! mua xong là nôn đi Đà Lạt quá trời lun í. nói chung là ưngggggg ✨✨✨ rất rất hài lòng nhoaaaaaaa 🙌🏻🙌🏻🙌🏻🙌🏻","Đen,L 59 - 65 kg",1705649322,2024-01-19,VN,https://shopee.vn/%C3%81o-phao-gile-nam-n%E1%BB%AF-c%C3%B3-t%C3%BAi-s%C6%B0%E1%BB%9Dn-form-r%E1%BB%99ng-ZUTEE-%C3%81o-kho%C3%A1c-phao-c%E1%BB%95-cao-3-l%E1%BB%97-i.415614249.22281699423?extraParams=%7B%22display_model_id%22%3A178484892693%2C%22model_selection_logic%22%3A3%7D&sp_atk=539f055d-f922-4585-b542-7d56742becc6&xptdk=539f055d-f922-4585-b542-7d56742becc6,áo khoác nam
x*****3,5,"em k nghĩ với 136k đợt sale mà mua được puffer jacket xịn như thế này 🥲 mới đầu cũng k hy vọng gì lắm tại thấy sao áo rẻ quá, nma nhận về ngoài mong đợi luôn ạ, size rộng nhất thì dài qua mông thực sự rất ưngg vì kiểu áo này hiếm cái rộng dài được như thế ý 👍👍👍 mặc rõ là ấm luôn ý ạ uiii",,1697134715,2023-10-13,VN,https://shopee.vn/%C3%81o-phao-gile-nam-n%E1%BB%AF-c%C3%B3-t%C3%BAi-s%C6%B0%E1%BB%9Dn-form-r%E1%BB%99ng-ZUTEE-%C3%81o-kho%C3%A1c-phao-c%E1%BB%95-cao-3-l%E1%BB%97-i.415614249.22281699423?extraParams=%7B%22display_model_id%22%3A178484892693%2C%22model_selection_logic%22%3A3%7D&sp_atk=539f055d-f922-4585-b542-7d56742becc6&xptdk=539f055d-f922-4585-b542-7d56742becc6,áo khoác nam
lake.ad,5,"Đúng với mô tả:right
Màu sắc:black
Chất liệu:dù

Phù hợp với giá tiền, mặc rộng hơn 1 size sẽ thoải mái và đẹp form hơn nhe","Đen,XL 66-73kg",1703159536,2023-12-21,VN,https://shopee.vn/%C3%81o-phao-gile-nam-n%E1%BB%AF-c%C3%B3-t%C3%BAi-s%C6%B0%E1%BB%9Dn-form-r%E1%BB%99ng-ZUTEE-%C3%81o-kho%C3%A1c-phao-c%E1%BB%95-cao-3-l%E1%BB%97-i.415614249.22281699423?extraParams=%7B%22display_model_id%22%3A178484892693%2C%22model_selection_logic%22%3A3%7D&sp_atk=539f055d-f922-4585-b542-7d56742becc6&xptdk=539f055d-f922-4585-b542-7d56742becc6,áo khoác nam
thutrang_4823,5,"Áo phao đẹp, mặc lên dáng xinh lắm. 
Chất liệu dày dặn đường may tỉ mỉ và đặc biệt không có chỉ thừa. 
Shop giao hàng nhanh tư vấn nhiệt tình, đóng gói cẩn thận. 
Mọi người nên mua nha... Ủng hộ shop lâu dài","Kem,M 45-58 kg",1696129881,2023-10-01,VN,https://shopee.vn/%C3%81o-phao-gile-nam-n%E1%BB%AF-c%C3%B3-t%C3%BAi-s%C6%B0%E1%BB%9Dn-form-r%E1%BB%99ng-ZUTEE-%C3%81o-kho%C3%A1c-phao-c%E1%BB%95-cao-3-l%E1%BB%97-i.415614249.22281699423?extraParams=%7B%22display_model_id%22%3A178484892693%2C%22model_selection_logic%22%3A3%7D&sp_atk=539f055d-f922-4585-b542-7d56742becc6&xptdk=539f055d-f922-4585-b542-7d56742becc6,áo khoác nam
t*****6,5,"áo okii lắm nha, phối siu đẹp, đink lun á tr, rẻ nữa dài rômgj okii nha ai cao m63 53 cân mặc hẳn 2xl cho rộng thoải mái còn hong mn giảm nha",,1701700449,2023-12-04,VN,https://shopee.vn/%C3%81o-phao-gile-nam-n%E1%BB%AF-c%C3%B3-t%C3%BAi-s%C6%B0%E1%BB%9Dn-form-r%E1%BB%99ng-ZUTEE-%C3%81o-kho%C3%A1c-phao-c%E1%BB%95-cao-3-l%E1%BB%97-i.415614249.22281699423?extraParams=%7B%22display_model_id%22%3A178484892693%2C%22model_selection_logic%22%3A3%7D&sp_atk=539f055d-f922-4585-b542-7d56742becc6&xptdk=539f055d-f922-4585-b542-7d56742becc6,áo khoác nam
t*****g,5,"Đúng với mô tả:sản phẩm đúng với mô tả
Màu sắc:màu đen nha
Chất liệu:áo phao gile

Sản phẩm của shop giá rẻ, săn được sale nên giá rất rẻ. Chất lượng khá ok, đổi size shop cũng thoải mái, cảm ơn shop",,1733850311,2024-12-11,VN,https://shopee.vn/%C3%81o-phao-gile-nam-n%E1%BB%AF-c%C3%B3-t%C3%BAi-s%C6%B0%E1%BB%9Dn-form-r%E1%BB%99ng-ZUTEE-%C3%81o-kho%C3%A1c-phao-c%E1%BB%95-cao-3-l%E1%BB%97-i.415614249.22281699423?extraParams=%7B%22display_model_id%22%3A178484892693%2C%22model_selection_logic%22%3A3%7D&sp_atk=539f055d-f922-4585-b542-7d56742becc6&xptdk=539f055d-f922-4585-b542-7d56742becc6,áo khoác nam
_*****n,5,"Đúng với mô tả:dung
Màu sắc:den
Chất liệu:ko bt

áo xinh lắm ạ mọi ng nên mua nha . mình m55 45kg sz S ạ","Đen,M 45-58 kg",1730560631,2024-11-02,VN,https://shopee.vn/%C3%81o-phao-gile-nam-n%E1%BB%AF-c%C3%B3-t%C3%BAi-s%C6%B0%E1%BB%9Dn-form-r%E1%BB%99ng-ZUTEE-%C3%81o-kho%C3%A1c-phao-c%E1%BB%95-cao-3-l%E1%BB%97-i.415614249.22281699423?extraParams=%7B%22display_model_id%22%3A178484892693%2C%22model_selection_logic%22%3A3%7D&sp_atk=539f055d-f922-4585-b542-7d56742becc6&xptdk=539f055d-f922-4585-b542-7d56742becc6,áo khoác nam
thao_zippo2k,5,"Màu sắc:den
Chất liệu:phao ghile
Đúng với mô tả:như hình

Áo rất đẹp . Không nghĩ với giá tiền như vậy lại đc 1 em  áo ưng í ntn . Dày dặn , mặc ấm . Nên mua nha mọi ng",,1703059369,2023-12-20,VN,https://shopee.vn/%C3%81o-phao-gile-nam-n%E1%BB%AF-c%C3%B3-t%C3%BAi-s%C6%B0%E1%BB%9Dn-form-r%E1%BB%99ng-ZUTEE-%C3%81o-kho%C3%A1c-phao-c%E1%BB%95-cao-3-l%E1%BB%97-i.415614249.22281699423?extraParams=%7B%22display_model_id%22%3A178484892693%2C%22model_selection_logic%22%3A3%7D&sp_atk=539f055d-f922-4585-b542-7d56742becc6&xptdk=539f055d-f922-4585-b542-7d56742becc6,áo khoác nam
xuanphuongnguyen360,5,"ảnh sao thì hàng nhận được như vậy. shop giao hàng nhanh gói hàng rất cẩn thận, tư vấn nhiệt tình tận tâm. hàng đầu mùa chất lượng rất ok mà giá lại phải chăng cảm thấy đúng đắn khi mua hihi","Đen,M 45-58 kg",1696164580,2023-10-01,VN,https://shopee.vn/%C3%81o-phao-gile-nam-n%E1%BB%AF-c%C3%B3-t%C3%BAi-s%C6%B0%E1%BB%9Dn-form-r%E1%BB%99ng-ZUTEE-%C3%81o-kho%C3%A1c-phao-c%E1%BB%95-cao-3-l%E1%BB%97-i.415614249.22281699423?extraParams=%7B%22display_model_id%22%3A178484892693%2C%22model_selection_logic%22%3A3%7D&sp_atk=539f055d-f922-4585-b542-7d56742becc6&xptdk=539f055d-f922-4585-b542-7d56742becc6,áo khoác nam
minitrnth129,5,"Chất liệu:sản phẩm tốt
Màu sắc:xanh rêu
Đúng với mô tả:đúng

Áo khoác lót lông có lớp lông dày dặn và chất liệu vải gió chống  nước . Áo giữ ấm cơ thể rất tốt và mặc rất thoải mái 
Ngoài ra áo còn có màu sắc đẹp và giá cả hợp lí","Áo gió lông Rêu,L (55-65KG, <1M7)",1764243882,2025-11-27,VN,https://shopee.vn/%C3%81o-kho%C3%A1c-gi%C3%B3-nam-n%E1%BB%AF-2-l%E1%BB%9Bp-l%C3%B3t-l%C3%B4ng-c%E1%BB%ABu-cao-c%E1%BA%A5p-si%C3%AAu-%E1%BA%A5m-%C3%A1o-gi%C3%B3-nam-n%E1%BB%AF-ph%E1%BB%A7-nano-ch%E1%BB%91ng-gi%C3%B3-c%E1%BA%A3n-b%E1%BB%A5i-ch%E1%BB%91ng-th%E1%BA%A5m-n%C6%B0%E1%BB%9Bc-i.1577741685.26541503042?extraParams=%7B%22display_model_id%22%3A196262466945%2C%22model_selection_logic%22%3A3%7D&sp_atk=7ac68757-5eae-4343-bd2c-73d1d1a92c11&xptdk=7ac68757-5eae-4343-bd2c-73d1d1a92c11,áo khoác nam
jeonghung08101991,5,"Màu sắc:nổi bật
Đúng với mô tả:sản phẩm đẹp

Nên mua vì chất lượng tốt hơn so với các sản phầm khác cùng giá tiền","Áo gió lông Ghi,M (40-55KG, <1M65)",1759411059,2025-10-02,VN,https://shopee.vn/%C3%81o-kho%C3%A1c-gi%C3%B3-nam-n%E1%BB%AF-2-l%E1%BB%9Bp-l%C3%B3t-l%C3%B4ng-c%E1%BB%ABu-cao-c%E1%BA%A5p-si%C3%AAu-%E1%BA%A5m-%C3%A1o-gi%C3%B3-nam-n%E1%BB%AF-ph%E1%BB%A7-nano-ch%E1%BB%91ng-gi%C3%B3-c%E1%BA%A3n-b%E1%BB%A5i-ch%E1%BB%91ng-th%E1%BA%A5m-n%C6%B0%E1%BB%9Bc-i.1577741685.26541503042?extraParams=%7B%22display_model_id%22%3A196262466945%2C%22model_selection_logic%22%3A3%7D&sp_atk=7ac68757-5eae-4343-bd2c-73d1d1a92c11&xptdk=7ac68757-5eae-4343-bd2c-73d1d1a92c11,áo khoác nam
scchutsiuquy,5,"Mẫu  ko bt năm nào , nhưng hơn cái năm ngoái mk mua . Ck chưa thử kb vừa hay k 🤣nhưng thấy đẹp hơn . 3 túi , khoá kiểu chống gió tuyệt đối .mũ tháo rời dc , kheoe cũng phai mua 1 cái mk mac thôi","Áo gió lông Đen,XL (65-75KG, <1M75)",1759337156,2025-10-01,VN,https://shopee.vn/%C3%81o-kho%C3%A1c-gi%C3%B3-nam-n%E1%BB%AF-2-l%E1%BB%9Bp-l%C3%B3t-l%C3%B4ng-c%E1%BB%ABu-cao-c%E1%BA%A5p-si%C3%AAu-%E1%BA%A5m-%C3%A1o-gi%C3%B3-nam-n%E1%BB%AF-ph%E1%BB%A7-nano-ch%E1%BB%91ng-gi%C3%B3-c%E1%BA%A3n-b%E1%BB%A5i-ch%E1%BB%91ng-th%E1%BA%A5m-n%C6%B0%E1%BB%9Bc-i.1577741685.26541503042?extraParams=%7B%22display_model_id%22%3A196262466945%2C%22model_selection_logic%22%3A3%7D&sp_atk=7ac68757-5eae-4343-bd2c-73d1d1a92c11&xptdk=7ac68757-5eae-4343-bd2c-73d1d1a92c11,áo khoác nam
enzymevital,5,"Chất liệu:bông
Màu sắc:xanh
Đúng với mô tả:đúng

Mình canh sale nên được giá 70k siêu hời. Ao ấm, đóng gói cận thận. Phù hợp với giá cả, mặc để ngủ và đi đường là hợp lý. Shipper nhiệt tình","Áo gió lông Xanh,2XL (75-85KG, <1M85)",1761386423,2025-10-25,VN,https://shopee.vn/%C3%81o-kho%C3%A1c-gi%C3%B3-nam-n%E1%BB%AF-2-l%E1%BB%9Bp-l%C3%B3t-l%C3%B4ng-c%E1%BB%ABu-cao-c%E1%BA%A5p-si%C3%AAu-%E1%BA%A5m-%C3%A1o-gi%C3%B3-nam-n%E1%BB%AF-ph%E1%BB%A7-nano-ch%E1%BB%91ng-gi%C3%B3-c%E1%BA%A3n-b%E1%BB%A5i-ch%E1%BB%91ng-th%E1%BA%A5m-n%C6%B0%E1%BB%9Bc-i.1577741685.26541503042?extraParams=%7B%22display_model_id%22%3A196262466945%2C%22model_selection_logic%22%3A3%7D&sp_atk=7ac68757-5eae-4343-bd2c-73d1d1a92c11&xptdk=7ac68757-5eae-4343-bd2c-73d1d1a92c11,áo khoác nam
1ae9lzle37,5,"Chất liệu:chất liệu vải gió dày dặn
Màu sắc:màu sắc đẹp, tiện lợi cho việc phối đồ
Đúng với mô tả:đúng với mô tả

Shop uy tín, hàng rất dày dặn có lớp lót cừu bên trong nên mặc mùa lạnh rất ok. Ủng hộ shop","Áo gió lông Than,M (40-55KG, <1M65)",1762953857,2025-11-12,VN,https://shopee.vn/%C3%81o-kho%C3%A1c-gi%C3%B3-nam-n%E1%BB%AF-2-l%E1%BB%9Bp-l%C3%B3t-l%C3%B4ng-c%E1%BB%ABu-cao-c%E1%BA%A5p-si%C3%AAu-%E1%BA%A5m-%C3%A1o-gi%C3%B3-nam-n%E1%BB%AF-ph%E1%BB%A7-nano-ch%E1%BB%91ng-gi%C3%B3-c%E1%BA%A3n-b%E1%BB%A5i-ch%E1%BB%91ng-th%E1%BA%A5m-n%C6%B0%E1%BB%9Bc-i.1577741685.26541503042?extraParams=%7B%22display_model_id%22%3A196262466945%2C%22model_selection_logic%22%3A3%7D&sp_atk=7ac68757-5eae-4343-bd2c-73d1d1a92c11&xptdk=7ac68757-5eae-4343-bd2c-73d1d1a92c11,áo khoác nam
rr2v1po3yi,5,"Màu sắc:xanh than
Chất liệu:gió trần bông
Đúng với mô tả:đúng

Khoác gió
Dày dặn
Lớp bông mềm. Nhưng lấy tay rựt ra thì vẫn dụng lông
Mũ cx to","Áo gió lông Xanh,2XL (75-85KG, <1M85)",1760163084,2025-10-11,VN,https://shopee.vn/%C3%81o-kho%C3%A1c-gi%C3%B3-nam-n%E1%BB%AF-2-l%E1%BB%9Bp-l%C3%B3t-l%C3%B4ng-c%E1%BB%ABu-cao-c%E1%BA%A5p-si%C3%AAu-%E1%BA%A5m-%C3%A1o-gi%C3%B3-nam-n%E1%BB%AF-ph%E1%BB%A7-nano-ch%E1%BB%91ng-gi%C3%B3-c%E1%BA%A3n-b%E1%BB%A5i-ch%E1%BB%91ng-th%E1%BA%A5m-n%C6%B0%E1%BB%9Bc-i.1577741685.26541503042?extraParams=%7B%22display_model_id%22%3A196262466945%2C%22model_selection_logic%22%3A3%7D&sp_atk=7ac68757-5eae-4343-bd2c-73d1d1a92c11&xptdk=7ac68757-5eae-4343-bd2c-73d1d1a92c11,áo khoác nam
ngadiep001,5,"Màu sắc:đen
Đúng với mô tả:đúng
Chất liệu:khoác gió

Đúng mô tả .giay dặn. Mặc ấm .áo có 2 túi ngoài 1 túi trong tiện lợi","Áo gió lông Đen,L (55-65KG, <1M7)",1761962212,2025-11-01,VN,https://shopee.vn/%C3%81o-kho%C3%A1c-gi%C3%B3-nam-n%E1%BB%AF-2-l%E1%BB%9Bp-l%C3%B3t-l%C3%B4ng-c%E1%BB%ABu-cao-c%E1%BA%A5p-si%C3%AAu-%E1%BA%A5m-%C3%A1o-gi%C3%B3-nam-n%E1%BB%AF-ph%E1%BB%A7-nano-ch%E1%BB%91ng-gi%C3%B3-c%E1%BA%A3n-b%E1%BB%A5i-ch%E1%BB%91ng-th%E1%BA%A5m-n%C6%B0%E1%BB%9Bc-i.1577741685.26541503042?extraParams=%7B%22display_model_id%22%3A196262466945%2C%22model_selection_logic%22%3A3%7D&sp_atk=7ac68757-5eae-4343-bd2c-73d1d1a92c11&xptdk=7ac68757-5eae-4343-bd2c-73d1d1a92c11,áo khoác nam
jeonghung08101991,5,"Màu sắc:tươi đẹp nhưng do điện thoại mình đểu nên nhìn màu không nổi
Chất liệu:bên ngoài chống nước nhẹ bên trong lót full lông
Đúng với mô tả:đúng như mô tả

Đóng gói cẩn thận giao hàng nhanh đúng hẹn. Mình 55kg cao 152cm mặc size M bạn nào muốn mặc thêm áo trong thì tăng 1 size cho thoải mái","Áo gió lông Rêu,M (40-55KG, <1M65)",1767238870,2026-01-01,VN,https://shopee.vn/%C3%81o-kho%C3%A1c-gi%C3%B3-nam-n%E1%BB%AF-2-l%E1%BB%9Bp-l%C3%B3t-l%C3%B4ng-c%E1%BB%ABu-cao-c%E1%BA%A5p-si%C3%AAu-%E1%BA%A5m-%C3%A1o-gi%C3%B3-nam-n%E1%BB%AF-ph%E1%BB%A7-nano-ch%E1%BB%91ng-gi%C3%B3-c%E1%BA%A3n-b%E1%BB%A5i-ch%E1%BB%91ng-th%E1%BA%A5m-n%C6%B0%E1%BB%9Bc-i.1577741685.26541503042?extraParams=%7B%22display_model_id%22%3A196262466945%2C%22model_selection_logic%22%3A3%7D&sp_atk=7ac68757-5eae-4343-bd2c-73d1d1a92c11&xptdk=7ac68757-5eae-4343-bd2c-73d1d1a92c11,áo khoác nam
z6kej6t9mm,5,"Đúng với mô tả:oke
Chất liệu:áo khoác gió lót lông
Màu sắc:đen

Áo ấm, chất lượng lắm luôn. Mình mua cho ck 1 cái đen mà mặc thấy ưng quá, đặt thêm cái nữa để mình mặc. Mặc bao ấm, cản gió tốt","Áo gió lông Đen,L (55-65KG, <1M7)",1767615500,2026-01-05,VN,https://shopee.vn/%C3%81o-kho%C3%A1c-gi%C3%B3-nam-n%E1%BB%AF-2-l%E1%BB%9Bp-l%C3%B3t-l%C3%B4ng-c%E1%BB%ABu-cao-c%E1%BA%A5p-si%C3%AAu-%E1%BA%A5m-%C3%A1o-gi%C3%B3-nam-n%E1%BB%AF-ph%E1%BB%A7-nano-ch%E1%BB%91ng-gi%C3%B3-c%E1%BA%A3n-b%E1%BB%A5i-ch%E1%BB%91ng-th%E1%BA%A5m-n%C6%B0%E1%BB%9Bc-i.1577741685.26541503042?extraParams=%7B%22display_model_id%22%3A196262466945%2C%22model_selection_logic%22%3A3%7D&sp_atk=7ac68757-5eae-4343-bd2c-73d1d1a92c11&xptdk=7ac68757-5eae-4343-bd2c-73d1d1a92c11,áo khoác nam
lucky_2008,5,"* Phong cách trẻ trung,dễ phối hợp với các loại quần áo khác nhau

➤ Chất liệu : Vải gió tráng bạc, mềm, lông cừ dày dặn ấm áp
➤ Độ Dày : Dày ấm, chống chịu đại hàn, gió tuyết
➤ Công dụng : che gió , chống nắng (bảo vệ da ) , giữ ấm cho ngày lạnh , rất thời trang
➤ Màu Sắc : Xanh than
➤ Sản phẩm được thiết kế Đơn Giản mang lại vẻ sang trọng cho người mặc","Áo gió lông Than,XL (65-75KG, <1M75)",1764939215,2025-12-05,VN,https://shopee.vn/%C3%81o-kho%C3%A1c-gi%C3%B3-nam-n%E1%BB%AF-2-l%E1%BB%9Bp-l%C3%B3t-l%C3%B4ng-c%E1%BB%ABu-cao-c%E1%BA%A5p-si%C3%AAu-%E1%BA%A5m-%C3%A1o-gi%C3%B3-nam-n%E1%BB%AF-ph%E1%BB%A7-nano-ch%E1%BB%91ng-gi%C3%B3-c%E1%BA%A3n-b%E1%BB%A5i-ch%E1%BB%91ng-th%E1%BA%A5m-n%C6%B0%E1%BB%9Bc-i.1577741685.26541503042?extraParams=%7B%22display_model_id%22%3A196262466945%2C%22model_selection_logic%22%3A3%7D&sp_atk=7ac68757-5eae-4343-bd2c-73d1d1a92c11&xptdk=7ac68757-5eae-4343-bd2c-73d1d1a92c11,áo khoác nam
b*****h,5,"Đúng với mô tả:đúng
Chất liệu:vải dù lót lông rất ấm
Màu sắc:xám

Áo quá đẹp luôn mn ơi, mặc vào đi chơi như kiểu phượt thòi bá cháy 🔥🔥🔥🔥. Giá rẻ nữa, rất hài lòng ạ !!!","Áo gió lông Ghi,2XL (75-85KG, <1M85)",1760078131,2025-10-10,VN,https://shopee.vn/%C3%81o-kho%C3%A1c-gi%C3%B3-nam-n%E1%BB%AF-2-l%E1%BB%9Bp-l%C3%B3t-l%C3%B4ng-c%E1%BB%ABu-cao-c%E1%BA%A5p-si%C3%AAu-%E1%BA%A5m-%C3%A1o-gi%C3%B3-nam-n%E1%BB%AF-ph%E1%BB%A7-nano-ch%E1%BB%91ng-gi%C3%B3-c%E1%BA%A3n-b%E1%BB%A5i-ch%E1%BB%91ng-th%E1%BA%A5m-n%C6%B0%E1%BB%9Bc-i.1577741685.26541503042?extraParams=%7B%22display_model_id%22%3A196262466945%2C%22model_selection_logic%22%3A3%7D&sp_atk=7ac68757-5eae-4343-bd2c-73d1d1a92c11&xptdk=7ac68757-5eae-4343-bd2c-73d1d1a92c11,áo khoác nam
thuyv796,5,"Đúng với mô tả:hàng chuẩn
Màu sắc:đen
Chất liệu:gió

Hàng ok . giá lại rẻ .con mình rất thích . mặc rất đẹp . lần sau sẽ mua ủng hộ shop .giao hàng thì nhanh . hôm trước hôm sau là có luôn . cảm ơn shop","Áo gió lông Đen,L (55-65KG, <1M7)",1768029666,2026-01-10,VN,https://shopee.vn/%C3%81o-kho%C3%A1c-gi%C3%B3-nam-n%E1%BB%AF-2-l%E1%BB%9Bp-l%C3%B3t-l%C3%B4ng-c%E1%BB%ABu-cao-c%E1%BA%A5p-si%C3%AAu-%E1%BA%A5m-%C3%A1o-gi%C3%B3-nam-n%E1%BB%AF-ph%E1%BB%A7-nano-ch%E1%BB%91ng-gi%C3%B3-c%E1%BA%A3n-b%E1%BB%A5i-ch%E1%BB%91ng-th%E1%BA%A5m-n%C6%B0%E1%BB%9Bc-i.1577741685.26541503042?extraParams=%7B%22display_model_id%22%3A196262466945%2C%22model_selection_logic%22%3A3%7D&sp_atk=7ac68757-5eae-4343-bd2c-73d1d1a92c11&xptdk=7ac68757-5eae-4343-bd2c-73d1d1a92c11,áo khoác nam
minhanhh1403,5,"Chất liệu:Áo có lớp lông dày giữ ấm cơ thể tốt
Màu sắc:Màu sắc áo đẹp Như mô tả, mặc gọn và giữ ấm tốt

Tuyệt","Đen,L:55 - 65 kg",1763532820,2025-11-19,VN,https://shopee.vn/%C3%81o-kho%C3%A1c-l%C3%B3t-l%C3%B4ng-Cao-C%E1%BA%A5p-L%C3%B4ng-gi%E1%BB%AF-nhi%E1%BB%87u-si%C3%AAu-%E1%BA%A5m-k%E1%BA%BFt-h%E1%BB%A3p-ch%E1%BA%A5t-Gi%C3%B3-tr%C3%A1ng-b%E1%BA%A1c-ch%E1%BB%91ng-n%C6%B0%E1%BB%9Bc-ch%E1%BB%91ng-gi%C3%B3-i.401401593.14804341449?extraParams=%7B%22display_model_id%22%3A57869224682%2C%22model_selection_logic%22%3A3%7D&sp_atk=8bd58db7-35e5-4513-afbc-201a48d845c0&xptdk=8bd58db7-35e5-4513-afbc-201a48d845c0,áo khoác nam
nguyenthuong1988_,5,"Màu sắc:xanh
Chất liệu:gió lót lông
Đúng với mô tả:đúng

Hàng đẹp giá rẻ lót lông toàn bộ áo luôn nha. Mình thấy rất thích","Xanh Cổ Vịt,XXL : 75 - 85 kg",1768092935,2026-01-11,VN,https://shopee.vn/%C3%81o-kho%C3%A1c-l%C3%B3t-l%C3%B4ng-Cao-C%E1%BA%A5p-L%C3%B4ng-gi%E1%BB%AF-nhi%E1%BB%87u-si%C3%AAu-%E1%BA%A5m-k%E1%BA%BFt-h%E1%BB%A3p-ch%E1%BA%A5t-Gi%C3%B3-tr%C3%A1ng-b%E1%BA%A1c-ch%E1%BB%91ng-n%C6%B0%E1%BB%9Bc-ch%E1%BB%91ng-gi%C3%B3-i.401401593.14804341449?extraParams=%7B%22display_model_id%22%3A57869224682%2C%22model_selection_logic%22%3A3%7D&sp_atk=8bd58db7-35e5-4513-afbc-201a48d845c0&xptdk=8bd58db7-35e5-4513-afbc-201a48d845c0,áo khoác nam
awetkarina,5,"Chất liệu:vải lót lông

sờ ngoài xạo xạo nhẹ , lót lông đầy đủ , áo không nặng mà nhẹ , may cũng tử tế đầy đủ , màu giống hình shop  đăng ấy , nên mua không nên bỏ qua :v , vì mua đc rẻ chưa đến 90k mà hàng tốt nên mình viết nhiều","Xanh Than,XXL : 75 - 85 kg",1761364779,2025-10-25,VN,https://shopee.vn/%C3%81o-kho%C3%A1c-l%C3%B3t-l%C3%B4ng-Cao-C%E1%BA%A5p-L%C3%B4ng-gi%E1%BB%AF-nhi%E1%BB%87u-si%C3%AAu-%E1%BA%A5m-k%E1%BA%BFt-h%E1%BB%A3p-ch%E1%BA%A5t-Gi%C3%B3-tr%C3%A1ng-b%E1%BA%A1c-ch%E1%BB%91ng-n%C6%B0%E1%BB%9Bc-ch%E1%BB%91ng-gi%C3%B3-i.401401593.14804341449?extraParams=%7B%22display_model_id%22%3A57869224682%2C%22model_selection_logic%22%3A3%7D&sp_atk=8bd58db7-35e5-4513-afbc-201a48d845c0&xptdk=8bd58db7-35e5-4513-afbc-201a48d845c0,áo khoác nam
_ccyeusn1823.w,5,"Mua 68k rẻ 

Sản phẩm đúng mô tả, đóng gói cẩn thận, áp voucher săn được giá siêu rẻ. Rất ưng ý. Chất lượng miễn bàn. Nên tham khảo nhé. Mua được đó. Đánh giá dựa trên cảm nhận đã mua sản phẩm. Cứ yên tâm chốt đơn 😁  mua hàng thật, đánh giá thật 💯💯 ngồi nhà chốt đơn còn chốt được giá ngon bổ rẻ. Vừa tiết kiệm tiền vừa tiết kiệm thời gian shopping 🛍🛒 💯  điểm không có nhưng. Ủng hộ shop 👍","Xanh Than,XXL : 75 - 85 kg",1763519038,2025-11-19,VN,https://shopee.vn/%C3%81o-kho%C3%A1c-l%C3%B3t-l%C3%B4ng-Cao-C%E1%BA%A5p-L%C3%B4ng-gi%E1%BB%AF-nhi%E1%BB%87u-si%C3%AAu-%E1%BA%A5m-k%E1%BA%BFt-h%E1%BB%A3p-ch%E1%BA%A5t-Gi%C3%B3-tr%C3%A1ng-b%E1%BA%A1c-ch%E1%BB%91ng-n%C6%B0%E1%BB%9Bc-ch%E1%BB%91ng-gi%C3%B3-i.401401593.14804341449?extraParams=%7B%22display_model_id%22%3A57869224682%2C%22model_selection_logic%22%3A3%7D&sp_atk=8bd58db7-35e5-4513-afbc-201a48d845c0&xptdk=8bd58db7-35e5-4513-afbc-201a48d845c0,áo khoác nam
longnguynngc156,5,"Đúng với mô tả:đúng.
Chất liệu:vải gió.
Màu sắc:xanh vịt.

Không có gì để nói quá ưng ý đơn hàng này, thật sự mình không nghĩ cái áo nó đẹp thế này, mặc sẽ rất nhẹ mà lại ấm trên cả tuyệt vời, tiếc mỗi cái khóa shop mà đặt bên sản xuất làm cái khóa nhựa thì điểm 10 không có nhưng. Shop trả hàng rất nhanh gói cẩn thận. Khứa nào đang còn băn khoăn lựa chọn mẫu áo mình khuyên mẫu này và cả shop này mà đặt.","Xanh Cổ Vịt,XXL : 75 - 85 kg",1763636332,2025-11-20,VN,https://shopee.vn/%C3%81o-kho%C3%A1c-l%C3%B3t-l%C3%B4ng-Cao-C%E1%BA%A5p-L%C3%B4ng-gi%E1%BB%AF-nhi%E1%BB%87u-si%C3%AAu-%E1%BA%A5m-k%E1%BA%BFt-h%E1%BB%A3p-ch%E1%BA%A5t-Gi%C3%B3-tr%C3%A1ng-b%E1%BA%A1c-ch%E1%BB%91ng-n%C6%B0%E1%BB%9Bc-ch%E1%BB%91ng-gi%C3%B3-i.401401593.14804341449?extraParams=%7B%22display_model_id%22%3A57869224682%2C%22model_selection_logic%22%3A3%7D&sp_atk=8bd58db7-35e5-4513-afbc-201a48d845c0&xptdk=8bd58db7-35e5-4513-afbc-201a48d845c0,áo khoác nam
phuongthuy0392,5,"Chất liệu:gió lót lông
Màu sắc:đen

Áo gió đẹp, chất và from đều đẹp, nhiều túi to rộng, tay bo ôm, m có 1 cái màu xanh rùi nên giờ mua thêm màu đen, 
Mình 85kg cao 1m7 mặc size to nhất là 2xl vừa luôn vẫn thoải mái cử động

Số đo lúc đánh giá mình điền chỉ để nhận xu, mọi ng đừng để ý nhé.","Đen,XXL : 75 - 85 kg",1765724454,2025-12-14,VN,https://shopee.vn/%C3%81o-kho%C3%A1c-l%C3%B3t-l%C3%B4ng-Cao-C%E1%BA%A5p-L%C3%B4ng-gi%E1%BB%AF-nhi%E1%BB%87u-si%C3%AAu-%E1%BA%A5m-k%E1%BA%BFt-h%E1%BB%A3p-ch%E1%BA%A5t-Gi%C3%B3-tr%C3%A1ng-b%E1%BA%A1c-ch%E1%BB%91ng-n%C6%B0%E1%BB%9Bc-ch%E1%BB%91ng-gi%C3%B3-i.401401593.14804341449?extraParams=%7B%22display_model_id%22%3A57869224682%2C%22model_selection_logic%22%3A3%7D&sp_atk=8bd58db7-35e5-4513-afbc-201a48d845c0&xptdk=8bd58db7-35e5-4513-afbc-201a48d845c0,áo khoác nam
khosiantran,5,Sản phẩm đúng với mô tả. Chất vải chống nước nhẹ bên ngoài. Chưa giặt nên chưa biết độ bền ra sao. Nhưng mặc cũng thấy ấm và rất ổn cho tầm giá này.,"Xanh Cổ Vịt,XXL : 75 - 85 kg",1757629822,2025-09-12,VN,https://shopee.vn/%C3%81o-kho%C3%A1c-l%C3%B3t-l%C3%B4ng-Cao-C%E1%BA%A5p-L%C3%B4ng-gi%E1%BB%AF-nhi%E1%BB%87u-si%C3%AAu-%E1%BA%A5m-k%E1%BA%BFt-h%E1%BB%A3p-ch%E1%BA%A5t-Gi%C3%B3-tr%C3%A1ng-b%E1%BA%A1c-ch%E1%BB%91ng-n%C6%B0%E1%BB%9Bc-ch%E1%BB%91ng-gi%C3%B3-i.401401593.14804341449?extraParams=%7B%22display_model_id%22%3A57869224682%2C%22model_selection_logic%22%3A3%7D&sp_atk=8bd58db7-35e5-4513-afbc-201a48d845c0&xptdk=8bd58db7-35e5-4513-afbc-201a48d845c0,áo khoác nam
vanmanh1309,5,"Đúng với mô tả:đúng
Chất liệu:vải chống nước phủ Nano
Màu sắc:xanh than

Không chê điểm nào vải cũng bình thường không dày không mỏng thêm lớp lông ấm cơ thể giá cả phù hợp","Xanh Than,XXL : 75 - 85 kg",1761978288,2025-11-01,VN,https://shopee.vn/%C3%81o-kho%C3%A1c-l%C3%B3t-l%C3%B4ng-Cao-C%E1%BA%A5p-L%C3%B4ng-gi%E1%BB%AF-nhi%E1%BB%87u-si%C3%AAu-%E1%BA%A5m-k%E1%BA%BFt-h%E1%BB%A3p-ch%E1%BA%A5t-Gi%C3%B3-tr%C3%A1ng-b%E1%BA%A1c-ch%E1%BB%91ng-n%C6%B0%E1%BB%9Bc-ch%E1%BB%91ng-gi%C3%B3-i.401401593.14804341449?extraParams=%7B%22display_model_id%22%3A57869224682%2C%22model_selection_logic%22%3A3%7D&sp_atk=8bd58db7-35e5-4513-afbc-201a48d845c0&xptdk=8bd58db7-35e5-4513-afbc-201a48d845c0,áo khoác nam
daothanhhang96,5,"Chất liệu:lót lông
Màu sắc:đen
Đúng với mô tả:đúng

Chất đẹp nên mua giao đúng size


Chạy ra tìm chú rể ai dè đón chào nhà gái là một đoàn đưa tang

Xem nhiều phim bộ có bản quyền chính thức trên DANET - Dịch vụ xem phim theo yêu cầu hàng đầu tại Việt nam- một sản phẩm của BHD.

#KeThoatThan #DramaTQ","Đen,XL : 65 - 75 kg",1679637812,2023-03-24,VN,https://shopee.vn/%C3%81o-kho%C3%A1c-l%C3%B3t-l%C3%B4ng-Cao-C%E1%BA%A5p-L%C3%B4ng-gi%E1%BB%AF-nhi%E1%BB%87u-si%C3%AAu-%E1%BA%A5m-k%E1%BA%BFt-h%E1%BB%A3p-ch%E1%BA%A5t-Gi%C3%B3-tr%C3%A1ng-b%E1%BA%A1c-ch%E1%BB%91ng-n%C6%B0%E1%BB%9Bc-ch%E1%BB%91ng-gi%C3%B3-i.401401593.14804341449?extraParams=%7B%22display_model_id%22%3A57869224682%2C%22model_selection_logic%22%3A3%7D&sp_atk=8bd58db7-35e5-4513-afbc-201a48d845c0&xptdk=8bd58db7-35e5-4513-afbc-201a48d845c0,áo khoác nam
su.conan,5,"Mình nhận được áo rồi, shop đã giao đúng màu  xám size 2XL, áo đẹp mà lại rẻ nha, Ck mình mặc thích lém luôn","Xám Chì (Ghi),XXL : 75 - 85 kg",1763138484,2025-11-14,VN,https://shopee.vn/%C3%81o-kho%C3%A1c-l%C3%B3t-l%C3%B4ng-Cao-C%E1%BA%A5p-L%C3%B4ng-gi%E1%BB%AF-nhi%E1%BB%87u-si%C3%AAu-%E1%BA%A5m-k%E1%BA%BFt-h%E1%BB%A3p-ch%E1%BA%A5t-Gi%C3%B3-tr%C3%A1ng-b%E1%BA%A1c-ch%E1%BB%91ng-n%C6%B0%E1%BB%9Bc-ch%E1%BB%91ng-gi%C3%B3-i.401401593.14804341449?extraParams=%7B%22display_model_id%22%3A57869224682%2C%22model_selection_logic%22%3A3%7D&sp_atk=8bd58db7-35e5-4513-afbc-201a48d845c0&xptdk=8bd58db7-35e5-4513-afbc-201a48d845c0,áo khoác nam
ngocmyy229,5,"Chất liệu:tốt
Màu sắc:dung mau
Đúng với mô tả:dung voi mo ta

Tuyệt vời","Xanh Than,XL : 65 - 75 kg",1678418666,2023-03-10,VN,https://shopee.vn/%C3%81o-kho%C3%A1c-l%C3%B3t-l%C3%B4ng-Cao-C%E1%BA%A5p-L%C3%B4ng-gi%E1%BB%AF-nhi%E1%BB%87u-si%C3%AAu-%E1%BA%A5m-k%E1%BA%BFt-h%E1%BB%A3p-ch%E1%BA%A5t-Gi%C3%B3-tr%C3%A1ng-b%E1%BA%A1c-ch%E1%BB%91ng-n%C6%B0%E1%BB%9Bc-ch%E1%BB%91ng-gi%C3%B3-i.401401593.14804341449?extraParams=%7B%22display_model_id%22%3A57869224682%2C%22model_selection_logic%22%3A3%7D&sp_atk=8bd58db7-35e5-4513-afbc-201a48d845c0&xptdk=8bd58db7-35e5-4513-afbc-201a48d845c0,áo khoác nam
linggg25,5,"Chất liệu:áo gió
Màu sắc:xanh
Đúng với mô tả:đúng

Shop đóng gói cẩn thận. Đúng màu đúng mẫu, giao hàng nhanh ❤️","Xanh Than,L:55 - 65 kg",1672935237,2023-01-05,VN,https://shopee.vn/%C3%81o-kho%C3%A1c-l%C3%B3t-l%C3%B4ng-Cao-C%E1%BA%A5p-L%C3%B4ng-gi%E1%BB%AF-nhi%E1%BB%87u-si%C3%AAu-%E1%BA%A5m-k%E1%BA%BFt-h%E1%BB%A3p-ch%E1%BA%A5t-Gi%C3%B3-tr%C3%A1ng-b%E1%BA%A1c-ch%E1%BB%91ng-n%C6%B0%E1%BB%9Bc-ch%E1%BB%91ng-gi%C3%B3-i.401401593.14804341449?extraParams=%7B%22display_model_id%22%3A57869224682%2C%22model_selection_logic%22%3A3%7D&sp_atk=8bd58db7-35e5-4513-afbc-201a48d845c0&xptdk=8bd58db7-35e5-4513-afbc-201a48d845c0,áo khoác nam
su.conan,5,"Shop giao đúng màu đúng size, mình mua 1 cái cho ck mình mặc thử ổng khoái vì nó ấm vừa phải, ko mỏng ko dày thích họp đi đêm ở Tp.HCM nên mình quay lại mua tiếp 2 cái nữa , OK nhen","Đen,XXL : 75 - 85 kg",1768149475,2026-01-11,VN,https://shopee.vn/%C3%81o-kho%C3%A1c-l%C3%B3t-l%C3%B4ng-Cao-C%E1%BA%A5p-L%C3%B4ng-gi%E1%BB%AF-nhi%E1%BB%87u-si%C3%AAu-%E1%BA%A5m-k%E1%BA%BFt-h%E1%BB%A3p-ch%E1%BA%A5t-Gi%C3%B3-tr%C3%A1ng-b%E1%BA%A1c-ch%E1%BB%91ng-n%C6%B0%E1%BB%9Bc-ch%E1%BB%91ng-gi%C3%B3-i.401401593.14804341449?extraParams=%7B%22display_model_id%22%3A57869224682%2C%22model_selection_logic%22%3A3%7D&sp_atk=8bd58db7-35e5-4513-afbc-201a48d845c0&xptdk=8bd58db7-35e5-4513-afbc-201a48d845c0,áo khoác nam
kttrnh297,5,"Chất liệu:gió dày dặn
Đúng với mô tả:đúng quảng cáo
Màu sắc:tím than

Săn dc con áo gió với mức giá 51k pải nói quá tuyệt vời. Đánh giá shop 5sao","Xanh Than,XXL : 75 - 85 kg",1761380181,2025-10-25,VN,https://shopee.vn/%C3%81o-kho%C3%A1c-l%C3%B3t-l%C3%B4ng-Cao-C%E1%BA%A5p-L%C3%B4ng-gi%E1%BB%AF-nhi%E1%BB%87u-si%C3%AAu-%E1%BA%A5m-k%E1%BA%BFt-h%E1%BB%A3p-ch%E1%BA%A5t-Gi%C3%B3-tr%C3%A1ng-b%E1%BA%A1c-ch%E1%BB%91ng-n%C6%B0%E1%BB%9Bc-ch%E1%BB%91ng-gi%C3%B3-i.401401593.14804341449?extraParams=%7B%22display_model_id%22%3A57869224682%2C%22model_selection_logic%22%3A3%7D&sp_atk=8bd58db7-35e5-4513-afbc-201a48d845c0&xptdk=8bd58db7-35e5-4513-afbc-201a48d845c0,áo khoác nam
buihoa440,5,"Đúng với mô tả:đẹp
Chất liệu:đẹp
Màu sắc:Đúng màu

Hàng đẹp ,chất lượng áo mặc ấm ,shop đóng gói đẹp giao hàng  nhanh ship thân thiện ,hình ảnh chỉ mang tính chất nhận xử","Xám Chì (Ghi),M :45 - 55 kg",1763702294,2025-11-21,VN,https://shopee.vn/%C3%81o-kho%C3%A1c-l%C3%B3t-l%C3%B4ng-Cao-C%E1%BA%A5p-L%C3%B4ng-gi%E1%BB%AF-nhi%E1%BB%87u-si%C3%AAu-%E1%BA%A5m-k%E1%BA%BFt-h%E1%BB%A3p-ch%E1%BA%A5t-Gi%C3%B3-tr%C3%A1ng-b%E1%BA%A1c-ch%E1%BB%91ng-n%C6%B0%E1%BB%9Bc-ch%E1%BB%91ng-gi%C3%B3-i.401401593.14804341449?extraParams=%7B%22display_model_id%22%3A57869224682%2C%22model_selection_logic%22%3A3%7D&sp_atk=8bd58db7-35e5-4513-afbc-201a48d845c0&xptdk=8bd58db7-35e5-4513-afbc-201a48d845c0,áo khoác nam
ruby264,5,"Chất liệu:gió lót lông
Màu sắc:cổ vịt và xanh lá cây

Mặc ấm. Rộng rãi. Mấy hôm rét mà ra ngoài đường mặc áo này siêu ấm. Nếu có quần hay váy cùng bộ thì hoàn hảo.","Rêu,XXL : 75 - 85 kg",1767416751,2026-01-03,VN,https://shopee.vn/%C3%81o-kho%C3%A1c-l%C3%B3t-l%C3%B4ng-Cao-C%E1%BA%A5p-L%C3%B4ng-gi%E1%BB%AF-nhi%E1%BB%87u-si%C3%AAu-%E1%BA%A5m-k%E1%BA%BFt-h%E1%BB%A3p-ch%E1%BA%A5t-Gi%C3%B3-tr%C3%A1ng-b%E1%BA%A1c-ch%E1%BB%91ng-n%C6%B0%E1%BB%9Bc-ch%E1%BB%91ng-gi%C3%B3-i.401401593.14804341449?extraParams=%7B%22display_model_id%22%3A57869224682%2C%22model_selection_logic%22%3A3%7D&sp_atk=8bd58db7-35e5-4513-afbc-201a48d845c0&xptdk=8bd58db7-35e5-4513-afbc-201a48d845c0,áo khoác nam
haivan16,5,"Đã mua nhiều lần, áo chắn gió ok, nhẹ, giặt nhanh, its bám bụi. Phù hợp với nhiều lứa tuổi, nên mua , dùng đc nhiều lúc","Xanh Cổ Vịt,XXL : 75 - 85 kg",1767628244,2026-01-05,VN,https://shopee.vn/%C3%81o-kho%C3%A1c-l%C3%B3t-l%C3%B4ng-Cao-C%E1%BA%A5p-L%C3%B4ng-gi%E1%BB%AF-nhi%E1%BB%87u-si%C3%AAu-%E1%BA%A5m-k%E1%BA%BFt-h%E1%BB%A3p-ch%E1%BA%A5t-Gi%C3%B3-tr%C3%A1ng-b%E1%BA%A1c-ch%E1%BB%91ng-n%C6%B0%E1%BB%9Bc-ch%E1%BB%91ng-gi%C3%B3-i.401401593.14804341449?extraParams=%7B%22display_model_id%22%3A57869224682%2C%22model_selection_logic%22%3A3%7D&sp_atk=8bd58db7-35e5-4513-afbc-201a48d845c0&xptdk=8bd58db7-35e5-4513-afbc-201a48d845c0,áo khoác nam
cmlyphanh318,5,"Màu sắc:xanh than
Đúng với mô tả:đúng
Chất liệu:áo gió bên trong có lót lông

Mình 1m60 
Nặng 60kg 
Size L 
Từ m 50-60 là vừa nha
Chất vải xiuu đẹp, quá là ưng, mình sẽ ủng hộ shop nhìu lần nữa nhé😍😍","Xanh Than,L:55 - 65 kg",1763532032,2025-11-19,VN,https://shopee.vn/%C3%81o-kho%C3%A1c-l%C3%B3t-l%C3%B4ng-Cao-C%E1%BA%A5p-L%C3%B4ng-gi%E1%BB%AF-nhi%E1%BB%87u-si%C3%AAu-%E1%BA%A5m-k%E1%BA%BFt-h%E1%BB%A3p-ch%E1%BA%A5t-Gi%C3%B3-tr%C3%A1ng-b%E1%BA%A1c-ch%E1%BB%91ng-n%C6%B0%E1%BB%9Bc-ch%E1%BB%91ng-gi%C3%B3-i.401401593.14804341449?extraParams=%7B%22display_model_id%22%3A57869224682%2C%22model_selection_logic%22%3A3%7D&sp_atk=8bd58db7-35e5-4513-afbc-201a48d845c0&xptdk=8bd58db7-35e5-4513-afbc-201a48d845c0,áo khoác nam
g*****6,5,"Xịn lắm mng ơi, có 3 túi ngoài thêm 1 túi trong nữa, xịn sạch đẹp nói chung 1000 sao. Mua liền tay di ạ, màu đẹp nữa ý. Áo gió xịn đỉnh của đỉnh","Áo gió lông Ghi,XL (65-75KG, <1M75)",1767935156,2026-01-09,VN,https://shopee.vn/%C3%81o-kho%C3%A1c-gi%C3%B3-nam-n%E1%BB%AF-2-l%E1%BB%9Bp-l%C3%B3t-l%C3%B4ng-c%E1%BB%ABu-d%C3%A0y-d%E1%BA%B7n-cao-c%E1%BA%A5p-si%C3%AAu-%E1%BA%A5m-%C3%A1o-gi%C3%B3-nam-n%E1%BB%AF-ph%E1%BB%A7-nano-ch%E1%BB%91ng-gi%C3%B3-c%E1%BA%A3n-b%E1%BB%A5i-ch%E1%BB%91ng-th%E1%BA%A5m-n%C6%B0%E1%BB%9Bc-i.1702486633.26843808346?extraParams=%7B%22display_model_id%22%3A430301421573%2C%22model_selection_logic%22%3A3%7D&sp_atk=94306111-61c0-45ef-9c4d-317f59961912&xptdk=94306111-61c0-45ef-9c4d-317f59961912,áo khoác nam
sujupu,5,"Đúng với mô tả:như mô tả kích thước vừa in
Màu sắc:xanh than
Chất liệu:có lông

Áo mặc vừa in. Giữ ấm tốt giá lại rẻ mn nên mua dùng nha","Áo gió lông Than,L (55-65KG, <1M7)",1768053587,2026-01-10,VN,https://shopee.vn/%C3%81o-kho%C3%A1c-gi%C3%B3-nam-n%E1%BB%AF-2-l%E1%BB%9Bp-l%C3%B3t-l%C3%B4ng-c%E1%BB%ABu-d%C3%A0y-d%E1%BA%B7n-cao-c%E1%BA%A5p-si%C3%AAu-%E1%BA%A5m-%C3%A1o-gi%C3%B3-nam-n%E1%BB%AF-ph%E1%BB%A7-nano-ch%E1%BB%91ng-gi%C3%B3-c%E1%BA%A3n-b%E1%BB%A5i-ch%E1%BB%91ng-th%E1%BA%A5m-n%C6%B0%E1%BB%9Bc-i.1702486633.26843808346?extraParams=%7B%22display_model_id%22%3A430301421573%2C%22model_selection_logic%22%3A3%7D&sp_atk=94306111-61c0-45ef-9c4d-317f59961912&xptdk=94306111-61c0-45ef-9c4d-317f59961912,áo khoác nam
thuvngc556,5,"Chất liệu:lông mềm ở trong, bên ngoài là áo dù
Độ ấm:áo rất ấm
Màu sắc:đen

Đã nhận đc hàng rồi nhen, áo đẹp mà rẻ nữa có túi trong vs túi ngay hiệu áo","Áo gió lông Đen,2XL (75-85KG, <1M85)",1768464125,2026-01-15,VN,https://shopee.vn/%C3%81o-kho%C3%A1c-gi%C3%B3-nam-n%E1%BB%AF-2-l%E1%BB%9Bp-l%C3%B3t-l%C3%B4ng-c%E1%BB%ABu-d%C3%A0y-d%E1%BA%B7n-cao-c%E1%BA%A5p-si%C3%AAu-%E1%BA%A5m-%C3%A1o-gi%C3%B3-nam-n%E1%BB%AF-ph%E1%BB%A7-nano-ch%E1%BB%91ng-gi%C3%B3-c%E1%BA%A3n-b%E1%BB%A5i-ch%E1%BB%91ng-th%E1%BA%A5m-n%C6%B0%E1%BB%9Bc-i.1702486633.26843808346?extraParams=%7B%22display_model_id%22%3A430301421573%2C%22model_selection_logic%22%3A3%7D&sp_atk=94306111-61c0-45ef-9c4d-317f59961912&xptdk=94306111-61c0-45ef-9c4d-317f59961912,áo khoác nam
ruby__beauty,5,"Chất liệu:vải mềm mịn
Màu sắc:màu chuẩn y mô tả

Giao hàng nhanh, đóng gói cẩn thận. Nhận hàng rất ưng ý, bé mặc vừa in. Màu chuẩn form đẹp, vải mềm mịn","Áo gió lông Rêu,L (55-65KG, <1M7)",1768045930,2026-01-10,VN,https://shopee.vn/%C3%81o-kho%C3%A1c-gi%C3%B3-nam-n%E1%BB%AF-2-l%E1%BB%9Bp-l%C3%B3t-l%C3%B4ng-c%E1%BB%ABu-d%C3%A0y-d%E1%BA%B7n-cao-c%E1%BA%A5p-si%C3%AAu-%E1%BA%A5m-%C3%A1o-gi%C3%B3-nam-n%E1%BB%AF-ph%E1%BB%A7-nano-ch%E1%BB%91ng-gi%C3%B3-c%E1%BA%A3n-b%E1%BB%A5i-ch%E1%BB%91ng-th%E1%BA%A5m-n%C6%B0%E1%BB%9Bc-i.1702486633.26843808346?extraParams=%7B%22display_model_id%22%3A430301421573%2C%22model_selection_logic%22%3A3%7D&sp_atk=94306111-61c0-45ef-9c4d-317f59961912&xptdk=94306111-61c0-45ef-9c4d-317f59961912,áo khoác nam
tourhng,5,"Độ ấm:áo dày dănn
Chất liệu:lớp lót lông ấm

Săn được 91k nhưng nhận về chất đẹp nha, dày dặn ấm lắm, túi 2 khoá chắc chắn. Đã quay lại mua lần 2","Áo gió lông Đen,XL (65-75KG, <1M75)",1768138234,2026-01-11,VN,https://shopee.vn/%C3%81o-kho%C3%A1c-gi%C3%B3-nam-n%E1%BB%AF-2-l%E1%BB%9Bp-l%C3%B3t-l%C3%B4ng-c%E1%BB%ABu-d%C3%A0y-d%E1%BA%B7n-cao-c%E1%BA%A5p-si%C3%AAu-%E1%BA%A5m-%C3%A1o-gi%C3%B3-nam-n%E1%BB%AF-ph%E1%BB%A7-nano-ch%E1%BB%91ng-gi%C3%B3-c%E1%BA%A3n-b%E1%BB%A5i-ch%E1%BB%91ng-th%E1%BA%A5m-n%C6%B0%E1%BB%9Bc-i.1702486633.26843808346?extraParams=%7B%22display_model_id%22%3A430301421573%2C%22model_selection_logic%22%3A3%7D&sp_atk=94306111-61c0-45ef-9c4d-317f59961912&xptdk=94306111-61c0-45ef-9c4d-317f59961912,áo khoác nam
tlinh2k7,5,"Áo đẹp, chất vải ổn, mặc lên nhìn gọn gàng và lịch sự. Shop tư vấn nhiệt tình, giao hàng đúng hẹn. So với giá tiền thì sản phẩm rất xứng đáng. Mình hài lòng và sẽ tiếp tục mua thêm ⭐⭐⭐⭐⭐","Áo gió lông Đen,M (40-55KG, <1M65)",1766148244,2025-12-19,VN,https://shopee.vn/%C3%81o-kho%C3%A1c-gi%C3%B3-nam-n%E1%BB%AF-2-l%E1%BB%9Bp-l%C3%B3t-l%C3%B4ng-c%E1%BB%ABu-d%C3%A0y-d%E1%BA%B7n-cao-c%E1%BA%A5p-si%C3%AAu-%E1%BA%A5m-%C3%A1o-gi%C3%B3-nam-n%E1%BB%AF-ph%E1%BB%A7-nano-ch%E1%BB%91ng-gi%C3%B3-c%E1%BA%A3n-b%E1%BB%A5i-ch%E1%BB%91ng-th%E1%BA%A5m-n%C6%B0%E1%BB%9Bc-i.1702486633.26843808346?extraParams=%7B%22display_model_id%22%3A430301421573%2C%22model_selection_logic%22%3A3%7D&sp_atk=94306111-61c0-45ef-9c4d-317f59961912&xptdk=94306111-61c0-45ef-9c4d-317f59961912,áo khoác nam
chimquetdat_o0o,5,"Màu sắc:Đen
Chất liệu:Tốt
Đúng với mô tả:Chính xác

Shop tư vấn nhiệt tình, đúng, cảm ơn shop nhiều nha🫀🫀🫀
Nên hỏi kĩ trước khi mua nha, may tôi hỏi kĩ chứ mua về lahi không mặc được.
Khi mua về nhớ lộn ngược ra và phủi hết lông thừa bám ở trong nha...🫀🫀🫀","Áo gió lông Đen,L (55-65KG, <1M7)",1768083402,2026-01-11,VN,https://shopee.vn/%C3%81o-kho%C3%A1c-gi%C3%B3-nam-n%E1%BB%AF-2-l%E1%BB%9Bp-l%C3%B3t-l%C3%B4ng-c%E1%BB%ABu-d%C3%A0y-d%E1%BA%B7n-cao-c%E1%BA%A5p-si%C3%AAu-%E1%BA%A5m-%C3%A1o-gi%C3%B3-nam-n%E1%BB%AF-ph%E1%BB%A7-nano-ch%E1%BB%91ng-gi%C3%B3-c%E1%BA%A3n-b%E1%BB%A5i-ch%E1%BB%91ng-th%E1%BA%A5m-n%C6%B0%E1%BB%9Bc-i.1702486633.26843808346?extraParams=%7B%22display_model_id%22%3A430301421573%2C%22model_selection_logic%22%3A3%7D&sp_atk=94306111-61c0-45ef-9c4d-317f59961912&xptdk=94306111-61c0-45ef-9c4d-317f59961912,áo khoác nam
vnvhunh119,5,Áo đẹp dày dặn lắm mặc ấm lắm không chê vào đâu hết nói chung là ổn định nên mua nên mua,"Áo gió lông Ghi,2XL (75-85KG, <1M85)",1767708938,2026-01-06,VN,https://shopee.vn/%C3%81o-kho%C3%A1c-gi%C3%B3-nam-n%E1%BB%AF-2-l%E1%BB%9Bp-l%C3%B3t-l%C3%B4ng-c%E1%BB%ABu-d%C3%A0y-d%E1%BA%B7n-cao-c%E1%BA%A5p-si%C3%AAu-%E1%BA%A5m-%C3%A1o-gi%C3%B3-nam-n%E1%BB%AF-ph%E1%BB%A7-nano-ch%E1%BB%91ng-gi%C3%B3-c%E1%BA%A3n-b%E1%BB%A5i-ch%E1%BB%91ng-th%E1%BA%A5m-n%C6%B0%E1%BB%9Bc-i.1702486633.26843808346?extraParams=%7B%22display_model_id%22%3A430301421573%2C%22model_selection_logic%22%3A3%7D&sp_atk=94306111-61c0-45ef-9c4d-317f59961912&xptdk=94306111-61c0-45ef-9c4d-317f59961912,áo khoác nam
am2yfl5j1q,5,"Này là tui mua cho thằng em ở nhà nó cao m59 nặng 38k mua sizeM mà mặc vừa y lun thấy đẹp nha đunga mô tả nửa giá cũng rẻ tui mua có hơn 100k síu mấy mà đẹp
Video hình ảnh chỉ mang tính chất nhận xu nhé","Áo gió lông Ghi,M (40-55KG, <1M65)",1768410528,2026-01-15,VN,https://shopee.vn/%C3%81o-kho%C3%A1c-gi%C3%B3-nam-n%E1%BB%AF-2-l%E1%BB%9Bp-l%C3%B3t-l%C3%B4ng-c%E1%BB%ABu-d%C3%A0y-d%E1%BA%B7n-cao-c%E1%BA%A5p-si%C3%AAu-%E1%BA%A5m-%C3%A1o-gi%C3%B3-nam-n%E1%BB%AF-ph%E1%BB%A7-nano-ch%E1%BB%91ng-gi%C3%B3-c%E1%BA%A3n-b%E1%BB%A5i-ch%E1%BB%91ng-th%E1%BA%A5m-n%C6%B0%E1%BB%9Bc-i.1702486633.26843808346?extraParams=%7B%22display_model_id%22%3A430301421573%2C%22model_selection_logic%22%3A3%7D&sp_atk=94306111-61c0-45ef-9c4d-317f59961912&xptdk=94306111-61c0-45ef-9c4d-317f59961912,áo khoác nam
giangbg112,5,"Đúng với mô tả:dung
Màu sắc:đúng
Chất liệu:phù hợp giá

Phù hợp tầm giá size chuẩn hoặc mua lớn hơn 1 size là ok","Áo gió lông Đen,L (55-65KG, <1M7)",1767936224,2026-01-09,VN,https://shopee.vn/%C3%81o-kho%C3%A1c-gi%C3%B3-nam-n%E1%BB%AF-2-l%E1%BB%9Bp-l%C3%B3t-l%C3%B4ng-c%E1%BB%ABu-d%C3%A0y-d%E1%BA%B7n-cao-c%E1%BA%A5p-si%C3%AAu-%E1%BA%A5m-%C3%A1o-gi%C3%B3-nam-n%E1%BB%AF-ph%E1%BB%A7-nano-ch%E1%BB%91ng-gi%C3%B3-c%E1%BA%A3n-b%E1%BB%A5i-ch%E1%BB%91ng-th%E1%BA%A5m-n%C6%B0%E1%BB%9Bc-i.1702486633.26843808346?extraParams=%7B%22display_model_id%22%3A430301421573%2C%22model_selection_logic%22%3A3%7D&sp_atk=94306111-61c0-45ef-9c4d-317f59961912&xptdk=94306111-61c0-45ef-9c4d-317f59961912,áo khoác nam
luongxinhh144,5,"Chất liệu:gió lót lông
Chống thấm:tạm
Độ ấm:tạm

Áo rẻ nhưng chất lượng nhé các bác , đóng gói cẩn thận chỉnh chu , chuẩn bị hàng và gửi hàng nhanh . Lần sau em sẽ quay lại ủng hộ shop nhé Ạ , rcm cho mn mua","Áo gió lông Đen,L (55-65KG, <1M7)",1767862550,2026-01-08,VN,https://shopee.vn/%C3%81o-kho%C3%A1c-gi%C3%B3-nam-n%E1%BB%AF-2-l%E1%BB%9Bp-l%C3%B3t-l%C3%B4ng-c%E1%BB%ABu-d%C3%A0y-d%E1%BA%B7n-cao-c%E1%BA%A5p-si%C3%AAu-%E1%BA%A5m-%C3%A1o-gi%C3%B3-nam-n%E1%BB%AF-ph%E1%BB%A7-nano-ch%E1%BB%91ng-gi%C3%B3-c%E1%BA%A3n-b%E1%BB%A5i-ch%E1%BB%91ng-th%E1%BA%A5m-n%C6%B0%E1%BB%9Bc-i.1702486633.26843808346?extraParams=%7B%22display_model_id%22%3A430301421573%2C%22model_selection_logic%22%3A3%7D&sp_atk=94306111-61c0-45ef-9c4d-317f59961912&xptdk=94306111-61c0-45ef-9c4d-317f59961912,áo khoác nam
thanhxuan92,5,"Màu sắc:xám
Chất liệu:lót lông
Đúng với mô tả:đúng mô tả

Áo đẹp và ấm . Bên trong có lót lông kiểu dáng đẹp . Giá rẻ nhưng áo thì rất đẹp","Áo gió lông Ghi,L (55-65KG, <1M7)",1767423447,2026-01-03,VN,https://shopee.vn/%C3%81o-kho%C3%A1c-gi%C3%B3-nam-n%E1%BB%AF-2-l%E1%BB%9Bp-l%C3%B3t-l%C3%B4ng-c%E1%BB%ABu-d%C3%A0y-d%E1%BA%B7n-cao-c%E1%BA%A5p-si%C3%AAu-%E1%BA%A5m-%C3%A1o-gi%C3%B3-nam-n%E1%BB%AF-ph%E1%BB%A7-nano-ch%E1%BB%91ng-gi%C3%B3-c%E1%BA%A3n-b%E1%BB%A5i-ch%E1%BB%91ng-th%E1%BA%A5m-n%C6%B0%E1%BB%9Bc-i.1702486633.26843808346?extraParams=%7B%22display_model_id%22%3A430301421573%2C%22model_selection_logic%22%3A3%7D&sp_atk=94306111-61c0-45ef-9c4d-317f59961912&xptdk=94306111-61c0-45ef-9c4d-317f59961912,áo khoác nam
linhlinhcamcam,5,"Hình ảnh chỉ để nhận xu
Màu sắc đúng mô tả, rất đẹp, giá thì khá là hợp lý, mặc rất nhẹ và ấm nên mua nha
Nên mua tăng 1 size nha","Áo gió lông Than,XL (65-75KG, <1M75)",1767829156,2026-01-08,VN,https://shopee.vn/%C3%81o-kho%C3%A1c-gi%C3%B3-nam-n%E1%BB%AF-2-l%E1%BB%9Bp-l%C3%B3t-l%C3%B4ng-c%E1%BB%ABu-d%C3%A0y-d%E1%BA%B7n-cao-c%E1%BA%A5p-si%C3%AAu-%E1%BA%A5m-%C3%A1o-gi%C3%B3-nam-n%E1%BB%AF-ph%E1%BB%A7-nano-ch%E1%BB%91ng-gi%C3%B3-c%E1%BA%A3n-b%E1%BB%A5i-ch%E1%BB%91ng-th%E1%BA%A5m-n%C6%B0%E1%BB%9Bc-i.1702486633.26843808346?extraParams=%7B%22display_model_id%22%3A430301421573%2C%22model_selection_logic%22%3A3%7D&sp_atk=94306111-61c0-45ef-9c4d-317f59961912&xptdk=94306111-61c0-45ef-9c4d-317f59961912,áo khoác nam
vanminhho906,5,"Chất liệu:2 lớp lót lông cừu
Màu sắc:Áo gió lông xanh

Côm bô 2 cái Đúng với mô tả giao hàng nhanh giá rẻ hợp với người tiêu dùng","Áo gió lông Xanh,L (55-65KG, <1M7)",1767485268,2026-01-04,VN,https://shopee.vn/%C3%81o-kho%C3%A1c-gi%C3%B3-nam-n%E1%BB%AF-2-l%E1%BB%9Bp-l%C3%B3t-l%C3%B4ng-c%E1%BB%ABu-d%C3%A0y-d%E1%BA%B7n-cao-c%E1%BA%A5p-si%C3%AAu-%E1%BA%A5m-%C3%A1o-gi%C3%B3-nam-n%E1%BB%AF-ph%E1%BB%A7-nano-ch%E1%BB%91ng-gi%C3%B3-c%E1%BA%A3n-b%E1%BB%A5i-ch%E1%BB%91ng-th%E1%BA%A5m-n%C6%B0%E1%BB%9Bc-i.1702486633.26843808346?extraParams=%7B%22display_model_id%22%3A430301421573%2C%22model_selection_logic%22%3A3%7D&sp_atk=94306111-61c0-45ef-9c4d-317f59961912&xptdk=94306111-61c0-45ef-9c4d-317f59961912,áo khoác nam
xuananhpham432,5,"Chất liệu:vãi
Màu sắc:đen
Đúng với mô tả:chuẩn

Ok. Đã nhận được sản phẩm. Sản phẩm nhận được như mo ta của shop. Đã test sản phẩm thấy hoạt động tốt. Tóm lại hài lòng với sản phẩm nhận được.","Áo gió lông Đen,XL (65-75KG, <1M75)",1768129863,2026-01-11,VN,https://shopee.vn/%C3%81o-kho%C3%A1c-gi%C3%B3-nam-n%E1%BB%AF-2-l%E1%BB%9Bp-l%C3%B3t-l%C3%B4ng-c%E1%BB%ABu-d%C3%A0y-d%E1%BA%B7n-cao-c%E1%BA%A5p-si%C3%AAu-%E1%BA%A5m-%C3%A1o-gi%C3%B3-nam-n%E1%BB%AF-ph%E1%BB%A7-nano-ch%E1%BB%91ng-gi%C3%B3-c%E1%BA%A3n-b%E1%BB%A5i-ch%E1%BB%91ng-th%E1%BA%A5m-n%C6%B0%E1%BB%9Bc-i.1702486633.26843808346?extraParams=%7B%22display_model_id%22%3A430301421573%2C%22model_selection_logic%22%3A3%7D&sp_atk=94306111-61c0-45ef-9c4d-317f59961912&xptdk=94306111-61c0-45ef-9c4d-317f59961912,áo khoác nam
hangnga_1194,5,"Áo đẹp mà rẻ nha, đường may đẹp, khóa kéo chắc chắn. Mặc đi đường hợp lí lắm luôn. Hdhd d dndjdjd  djdbd d dhdnd d","Áo gió lông Đen,L (55-65KG, <1M7)",1767870774,2026-01-08,VN,https://shopee.vn/%C3%81o-kho%C3%A1c-gi%C3%B3-nam-n%E1%BB%AF-2-l%E1%BB%9Bp-l%C3%B3t-l%C3%B4ng-c%E1%BB%ABu-d%C3%A0y-d%E1%BA%B7n-cao-c%E1%BA%A5p-si%C3%AAu-%E1%BA%A5m-%C3%A1o-gi%C3%B3-nam-n%E1%BB%AF-ph%E1%BB%A7-nano-ch%E1%BB%91ng-gi%C3%B3-c%E1%BA%A3n-b%E1%BB%A5i-ch%E1%BB%91ng-th%E1%BA%A5m-n%C6%B0%E1%BB%9Bc-i.1702486633.26843808346?extraParams=%7B%22display_model_id%22%3A430301421573%2C%22model_selection_logic%22%3A3%7D&sp_atk=94306111-61c0-45ef-9c4d-317f59961912&xptdk=94306111-61c0-45ef-9c4d-317f59961912,áo khoác nam
ntthu3002,5,Áo 2 lớp mặc ấm.mũ áo tách rời.giặt không phai màu nhiều.áo nhiều túi tiện dụng,"Áo gió lông Than,XL (65-75KG, <1M75)",1767590010,2026-01-05,VN,https://shopee.vn/%C3%81o-kho%C3%A1c-gi%C3%B3-nam-n%E1%BB%AF-2-l%E1%BB%9Bp-l%C3%B3t-l%C3%B4ng-c%E1%BB%ABu-d%C3%A0y-d%E1%BA%B7n-cao-c%E1%BA%A5p-si%C3%AAu-%E1%BA%A5m-%C3%A1o-gi%C3%B3-nam-n%E1%BB%AF-ph%E1%BB%A7-nano-ch%E1%BB%91ng-gi%C3%B3-c%E1%BA%A3n-b%E1%BB%A5i-ch%E1%BB%91ng-th%E1%BA%A5m-n%C6%B0%E1%BB%9Bc-i.1702486633.26843808346?extraParams=%7B%22display_model_id%22%3A430301421573%2C%22model_selection_logic%22%3A3%7D&sp_atk=94306111-61c0-45ef-9c4d-317f59961912&xptdk=94306111-61c0-45ef-9c4d-317f59961912,áo khoác nam
t*****3,5,"Chất liệu:vari khas oorn
Màu sắc:đjep
Đúng với mô tả:đúng với hình

giao hàng nhanh.đúng thời hạn","Áo gió lông Than,M (40-55KG, <1M65)",1767019182,2025-12-29,VN,https://shopee.vn/%C3%81o-kho%C3%A1c-gi%C3%B3-nam-n%E1%BB%AF-2-l%E1%BB%9Bp-l%C3%B3t-l%C3%B4ng-c%E1%BB%ABu-d%C3%A0y-d%E1%BA%B7n-cao-c%E1%BA%A5p-si%C3%AAu-%E1%BA%A5m-%C3%A1o-gi%C3%B3-nam-n%E1%BB%AF-ph%E1%BB%A7-nano-ch%E1%BB%91ng-gi%C3%B3-c%E1%BA%A3n-b%E1%BB%A5i-ch%E1%BB%91ng-th%E1%BA%A5m-n%C6%B0%E1%BB%9Bc-i.1702486633.26843808346?extraParams=%7B%22display_model_id%22%3A430301421573%2C%22model_selection_logic%22%3A3%7D&sp_atk=94306111-61c0-45ef-9c4d-317f59961912&xptdk=94306111-61c0-45ef-9c4d-317f59961912,áo khoác nam
